epoca,treino,validacao,teste
1,0.2285,0.211,0.2315
2,0.2683333333333333,0.262,0.272
3,0.2788333333333333,0.273,0.2925
4,0.339,0.3375,0.344
5,0.404,0.401,0.404
6,0.4658333333333333,0.4695,0.4685
7,0.5108333333333334,0.5195,0.5055
8,0.5388333333333334,0.549,0.526
9,0.5678333333333333,0.569,0.5485
10,0.5935,0.5965,0.572
