epoca,treino,validacao,teste
1,0.11933333333333333,0.1165,0.13
2,0.22933333333333333,0.2135,0.244
3,0.3515,0.338,0.373
4,0.4666666666666667,0.451,0.4625
5,0.5455,0.525,0.5395
6,0.5988333333333333,0.569,0.594
7,0.6326666666666667,0.5995,0.6305
8,0.6525,0.6305,0.6585
9,0.6763333333333333,0.652,0.6785
10,0.695,0.6775,0.6975
